,author,class,data-id,sport,teamname,timestamp,url
0,ESPN.com,story-link,25998951,nfl,buffalo-bills,1d,http://www.espn.com/nfl/story/_/id/25998951/how-nfl-worst-quarterbacks-improve-2019
1,Mike Rodak,story-link,26026509,nfl,buffalo-bills,1d,http://www.espn.com/nfl/story/_/id/26026509/bills-qb-josh-allen-pokes-jags-cb-jalen-ramsey-autograph
2,Mike Rodak,story-link,26005150,nfl,buffalo-bills,4d,http://www.espn.com/nfl/story/_/id/26005150/bills-release-tight-end-charles-clay
3,Jeremy Willis,story-link,25995553,nfl,buffalo-bills,6d,http://www.espn.com/nfl/story/_/id/25995553/nfl-teams-send-their-valentines
4,Mike Rodak,story-link,25980647,nfl,buffalo-bills,8d,http://www.espn.com/nfl/story/_/id/25980647/bills-sign-spencer-long-was-released-jets-last-week
5,Mike Rodak,story-link,buffalo-bills-32874,nfl,buffalo-bills,13d,http://espn.com/blog/buffalo-bills/post/_/id/32874/why-bills-lorenzo-alexander-stays-in-frigid-buffalo-in-offseason
6,Jeremy Willis,story-link,25932328,nfl,buffalo-bills,14d,http://www.espn.com/nfl/story/_/id/25932328/nfl-2018-quiz-how-well-do-remember-season
7,Bill Barnwell,story-link,25834281,nfl,buffalo-bills,23d,http://www.espn.com/nfl/story/_/id/25834281/predicting-2019-vegas-win-totals-unders-all-32-nfl-teams
8,ESPN,story-link,nflnation-292685,nfl,buffalo-bills,26d,http://espn.com/blog/nflnation/post/_/id/292685/how-the-nfls-rookie-qbs-performed-in-year-1-and-whats-next
9,Mike Rodak,story-link,buffalo-bills-32847,nfl,buffalo-bills,26d,http://espn.com/blog/buffalo-bills/post/_/id/32847/aging-afc-quarterbacks-could-open-door-for-bills-josh-allen
10,Mike Rodak,story-link,buffalo-bills-32849,nfl,buffalo-bills,28d,http://espn.com/blog/buffalo-bills/post/_/id/32849/lesean-mccoy-maintains-innocence-as-nfls-probe-continues
0,ESPN.com,story-link,25998951,nfl,miami-dolphins,1d,http://www.espn.com/nfl/story/_/id/25998951/how-nfl-worst-quarterbacks-improve-2019
1,Cameron Wolfe,story-link,26012058,nfl,miami-dolphins,3d,http://www.espn.com/nfl/story/_/id/26012058/dolphins-adding-reggie-mckenzie-senior-exec
2,Cameron Wolfe,story-link,miami-dolphins-28704,nfl,miami-dolphins,5d,http://espn.com/blog/miami-dolphins/post/_/id/28704/brian-flores-must-learn-from-history-not-be-bill-belichick-clone
3,Tim McManus,story-link,philadelphia-eagles-27094,nfl,miami-dolphins,6d,http://espn.com/blog/philadelphia-eagles/post/_/id/27094/jacksonville-bound-a-look-at-nick-foles-market-after-flacco-deal
4,Cameron Wolfe,story-link,miami-dolphins-28698,nfl,miami-dolphins,6d,http://espn.com/blog/miami-dolphins/post/_/id/28698/dolphins-staff-has-patriots-flavor-even-keeled-teachers-flexibility
5,Dan Graziano,story-link,25988932,nfl,miami-dolphins,6d,http://www.espn.com/nfl/story/_/id/25988932/welcome-nfl-ever-rare-quarterback-buyers-market-2019
6,Cameron Wolfe,story-link,25953625,nfl,miami-dolphins,11d,http://www.espn.com/nfl/story/_/id/25953625/miami-dolphins-brian-flores-hires-jim-caldwell-assistant-head-coach
7,Cameron Wolfe,story-link,25938078,nfl,miami-dolphins,14d,http://www.espn.com/nfl/story/_/id/25938078/dolphins-hiring-chad-oshea-offensive-coordinator-per-sources
8,Jeremy Willis,story-link,25932328,nfl,miami-dolphins,14d,http://www.espn.com/nfl/story/_/id/25932328/nfl-2018-quiz-how-well-do-remember-season
9,Cameron Wolfe,story-link,miami-dolphins-28677,nfl,miami-dolphins,14d,http://espn.com/blog/miami-dolphins/post/_/id/28677/dolphins-gm-chris-grier-open-to-falling-for-qb-in-2019-draft
10,Jason Reid,story-link,158461,nfl,miami-dolphins,15d,https://theundefeated.com/features/dolphins-flores-grier-nfl-only-minority-gm-head-coach-duo/
11,Cameron Wolfe,story-link,miami-dolphins-28578,nfl,miami-dolphins,16d,http://espn.com/blog/miami-dolphins/post/_/id/28578/brian-flores-springs-into-dolphins-rebuild-off-super-bowl-triumph
12,Cameron Wolfe,story-link,25925144,nfl,miami-dolphins,15d,http://www.espn.com/nfl/story/_/id/25925144/dolphins-make-patriots-assistant-brian-flores-coach
0,ESPN.com,story-link,25998951,nfl,cleveland-browns,1d,http://www.espn.com/nfl/story/_/id/25998951/how-nfl-worst-quarterbacks-improve-2019
1,Jeremy Willis,story-link,25995553,nfl,cleveland-browns,6d,http://www.espn.com/nfl/story/_/id/25995553/nfl-teams-send-their-valentines
2,Pat McManamon,story-link,25975979,nfl,cleveland-browns,8d,http://www.espn.com/nfl/story/_/id/25975979/kareem-hunt-browns-how-fits-status-nfl-more
3,Pat McManamon,story-link,cleveland-browns-26730,nfl,cleveland-browns,12d,http://espn.com/blog/cleveland-browns/post/_/id/26730/baker-mayfield-raising-expectations-and-attracting-respected-coordinators
4,Pat McManamon,story-link,25941902,nfl,cleveland-browns,13d,http://www.espn.com/nfl/story/_/id/25941902/baker-mayfield-use-rookie-year-loss-saquon-quads-barkley-motivation
5,Jeremy Willis,story-link,25932328,nfl,cleveland-browns,14d,http://www.espn.com/nfl/story/_/id/25932328/nfl-2018-quiz-how-well-do-remember-season
6,Pat McManamon,story-link,cleveland-browns-26719,nfl,cleveland-browns,15d,http://espn.com/blog/cleveland-browns/post/_/id/26719/baker-mayfields-latest-slight-can-serve-as-more-motivation
0,ESPN.com,story-link,26003959,nfl,new-england-patriots,2d,http://www.espn.com/nfl/story/_/id/26003959/2019-franchise-tag-candidates-predictions-all-32-nfl-teams
1,Mike Reiss,story-link,26014076,nfl,new-england-patriots,3d,http://www.espn.com/nfl/story/_/id/26014076/attorney-colin-kaepernick-sees-panthers-patriots-potential-landing-spots-qb
2,Mike Reiss,story-link,new-england-patriots-4816935,nfl,new-england-patriots,3d,http://espn.com/blog/new-england-patriots/post/_/id/4816935/rob-gronkowski-has-been-a-regular-at-gillette-stadium-since-super-bowl
3,Mike Reiss,story-link,new-england-patriots-4816898,nfl,new-england-patriots,10d,http://espn.com/blog/new-england-patriots/post/_/id/4816898/julian-edelman-was-super-worthy-but-patriots-d-was-real-mvp
4,Mike Reiss,story-link,new-england-patriots-4816921,nfl,new-england-patriots,7d,http://espn.com/blog/new-england-patriots/post/_/id/4816921/patriots-free-agent-predictions-odds-on-who-stays-who-goes
5,Eric Williams,story-link,los-angeles-chargers-25982,nfl,new-england-patriots,14d,http://espn.com/blog/los-angeles-chargers/post/_/id/25982/chargers-back-to-hating-super-bowl-champion-patriots-this-offseason
6,Mike Sando,story-link,25968738,nfl,new-england-patriots,8d,http://insider.espn.com/nfl/insider/story/_/id/25968738/how-patriots-rams-look-very-different-2019
7,ESPN NFL Experts,story-link,25973524,nfl,new-england-patriots,8d,http://insider.espn.com/nfl/insider/story/_/id/25973524/nfl-experts-predict-kyler-murray-perfect-fit-2019-nfl-draft
0,ESPN.com,story-link,25998951,nfl,new-york-jets,1d,http://www.espn.com/nfl/story/_/id/25998951/how-nfl-worst-quarterbacks-improve-2019
1,Jeremy Willis,story-link,25995553,nfl,new-york-jets,6d,http://www.espn.com/nfl/story/_/id/25995553/nfl-teams-send-their-valentines
2,Rich Cimini,story-link,new-york-jets-79082,nfl,new-york-jets,6d,http://espn.com/blog/new-york-jets/post/_/id/79082/how-mad-scientist-gregg-williams-can-make-impact-for-four-key-jets
3,Rich Cimini,story-link,new-york-jets-79070,nfl,new-york-jets,7d,http://espn.com/blog/new-york-jets/post/_/id/79070/how-jon-gruden-and-kyler-murray-can-help-jets-realize-draft-windfall
4,Mike Rodak,story-link,25980647,nfl,new-york-jets,8d,http://www.espn.com/nfl/story/_/id/25980647/bills-sign-spencer-long-was-released-jets-last-week
5,Rich Cimini,story-link,new-york-jets-78933,nfl,new-york-jets,9d,http://espn.com/blog/new-york-jets/post/_/id/78933/jets-new-coaching-staff-young-loud-and-potentially-volatile
6,Bill Barnwell,story-link,25901330,nfl,new-york-jets,9d,http://www.espn.com/espn/feature/story/_/id/25901330/predicting-2019-nfl-offseason-dominoes-free-agents-trades-cause-ripples
7,Rich Cimini,story-link,new-york-jets-79037,nfl,new-york-jets,10d,http://espn.com/blog/new-york-jets/post/_/id/79037/ex-jets-bust-christian-hackenberg-fixes-flaw-hopes-to-reboot-in-aaf
8,Rich Cimini,story-link,25953879,nfl,new-york-jets,11d,http://www.espn.com/nfl/story/_/id/25953879/jets-adam-gase-includes-ex-adversaries-joe-vitt-gregg-williams-staff
9,Jeremy Willis,story-link,25932328,nfl,new-york-jets,14d,http://www.espn.com/nfl/story/_/id/25932328/nfl-2018-quiz-how-well-do-remember-season
10,Rich Cimini,story-link,new-york-jets-79003,nfl,new-york-jets,14d,http://espn.com/blog/new-york-jets/post/_/id/79003/with-one-third-of-roster-headed-to-free-agency-jets-will-be-busy
11,Rich Cimini,story-link,25932213,nfl,new-york-jets,14d,http://www.espn.com/nfl/story/_/id/25932213/jets-release-center-spencer-long-avoid-cap-hit
12,Rich Cimini,story-link,new-york-jets-79016,nfl,new-york-jets,16d,http://espn.com/blog/new-york-jets/post/_/id/79016/patriot-way-spreads-to-miami-is-that-bad-news-for-jets
13,Rich Cimini,story-link,new-york-jets-78989,nfl,new-york-jets,17d,http://espn.com/blog/new-york-jets/post/_/id/78989/jets-have-enough-chips-to-be-active-in-trade-market-antonio-brown
14,Jeff Legwold,story-link,25908742,nfl,new-york-jets,17d,http://www.espn.com/nfl/story/_/id/25908742/pro-football-hall-fame-8-person-class-includes-ed-reed-ty-law-champ-bailey-tony-gonzalez
15,Jeff Legwold,story-link,nflnation-293392,nfl,new-york-jets,18d,http://espn.com/blog/nflnation/post/_/id/293392/pro-football-hall-of-fame-meet-the-newest-members
0,Todd Archer,story-link,26030244,nfl,dallas-cowboys,15h,http://www.espn.com/golf/story/_/id/26030244/tony-romo-gets-sponsor-exemption-pga-tour-byron-nelson
1,Todd Archer,story-link,dallas-cowboys-4768719,nfl,dallas-cowboys,1d,http://espn.com/blog/dallas-cowboys/post/_/id/4768719/travis-frederick-ready-for-a-normal-offseason-with-cowboys
2,Todd Archer,story-link,26026507,nfl,dallas-cowboys,1d,http://www.espn.com/nfl/story/_/id/26026507/cowboys-pick-terrance-williams-option-making-free-agent
3,ESPN.com,story-link,26003959,nfl,dallas-cowboys,2d,http://www.espn.com/nfl/story/_/id/26003959/2019-franchise-tag-candidates-predictions-all-32-nfl-teams
4,Jeremy Willis,story-link,25995553,nfl,dallas-cowboys,6d,http://www.espn.com/nfl/story/_/id/25995553/nfl-teams-send-their-valentines
5,Bill Barnwell,story-link,25966875,nfl,dallas-cowboys,6d,http://www.espn.com/nfl/story/_/id/25966875/five-2019-offseason-moves-nfc-team-make-bill-barnwell-predicts-trades-free-agency-cuts
6,Todd Archer,story-link,dallas-cowboys-4768706,nfl,dallas-cowboys,8d,http://espn.com/blog/dallas-cowboys/post/_/id/4768706/at-the-right-price-cowboys-should-keep-sean-lee
7,Bill Barnwell,story-link,25901330,nfl,dallas-cowboys,9d,http://www.espn.com/espn/feature/story/_/id/25901330/predicting-2019-nfl-offseason-dominoes-free-agents-trades-cause-ripples
8,Todd Archer,story-link,dallas-cowboys-4768697,nfl,dallas-cowboys,13d,http://espn.com/blog/dallas-cowboys/post/_/id/4768697/why-a-new-deal-between-cowboys-demarcus-lawrence-is-a-no-brainer
9,Todd Archer,story-link,dallas-cowboys-4768684,nfl,dallas-cowboys,14d,http://espn.com/blog/dallas-cowboys/post/_/id/4768684/kellen-moores-journey-from-a-kid-collecting-playbooks-to-cowboys-oc
10,Jeff Legwold,story-link,25908742,nfl,dallas-cowboys,17d,http://www.espn.com/nfl/story/_/id/25908742/pro-football-hall-fame-8-person-class-includes-ed-reed-ty-law-champ-bailey-tony-gonzalez
11,Jeff Legwold,story-link,nflnation-293392,nfl,dallas-cowboys,18d,http://espn.com/blog/nflnation/post/_/id/293392/pro-football-hall-of-fame-meet-the-newest-members
0,ESPN.com,story-link,25998951,nfl,new-york-giants,1d,http://www.espn.com/nfl/story/_/id/25998951/how-nfl-worst-quarterbacks-improve-2019
1,Jordan Raanan,story-link,new-york-giants-58594,nfl,new-york-giants,1d,http://espn.com/blog/new-york-giants/post/_/id/58594/orleans-darkwas-mysterious-disappearance-result-of-serious-injury
2,ESPN.com,story-link,26003959,nfl,new-york-giants,2d,http://www.espn.com/nfl/story/_/id/26003959/2019-franchise-tag-candidates-predictions-all-32-nfl-teams
3,Jordan Raanan,story-link,new-york-giants-58573,nfl,new-york-giants,5d,http://espn.com/blog/new-york-giants/post/_/id/58573/will-eli-manning-return-for-his-16th-season-with-the-giants
4,Tim McManus,story-link,philadelphia-eagles-27094,nfl,new-york-giants,6d,http://espn.com/blog/philadelphia-eagles/post/_/id/27094/jacksonville-bound-a-look-at-nick-foles-market-after-flacco-deal
5,Jeremy Willis,story-link,25995553,nfl,new-york-giants,6d,http://www.espn.com/nfl/story/_/id/25995553/nfl-teams-send-their-valentines
6,Dan Graziano,story-link,25988932,nfl,new-york-giants,6d,http://www.espn.com/nfl/story/_/id/25988932/welcome-nfl-ever-rare-quarterback-buyers-market-2019
7,Bill Barnwell,story-link,25966875,nfl,new-york-giants,6d,http://www.espn.com/nfl/story/_/id/25966875/five-2019-offseason-moves-nfc-team-make-bill-barnwell-predicts-trades-free-agency-cuts
8,Josh Weinfuss,story-link,arizona-cardinals-31408,nfl,new-york-giants,7d,http://espn.com/blog/arizona-cardinals/post/_/id/31408/nfl-draft-three-scenarios-for-cardinals-to-trade-out-of-first-pick
9,ESPN NFL Experts,story-link,25973524,nfl,new-york-giants,8d,http://insider.espn.com/nfl/insider/story/_/id/25973524/nfl-experts-predict-kyler-murray-perfect-fit-2019-nfl-draft
10,Jordan Raanan,story-link,new-york-giants-58560,nfl,new-york-giants,13d,http://espn.com/blog/new-york-giants/post/_/id/58560/cost-for-quarterback-dwayne-haskins-could-be-steep-for-giants
11,Pat McManamon,story-link,25941902,nfl,new-york-giants,13d,http://www.espn.com/nfl/story/_/id/25941902/baker-mayfield-use-rookie-year-loss-saquon-quads-barkley-motivation
12,Jordan Raanan,story-link,25940321,nfl,new-york-giants,13d,http://www.espn.com/nfl/story/_/id/25940321/giants-pick-rb-jonathan-stewart-contract-option
13,Jeremy Willis,story-link,25932328,nfl,new-york-giants,14d,http://www.espn.com/nfl/story/_/id/25932328/nfl-2018-quiz-how-well-do-remember-season
14,Jordan Raanan,story-link,new-york-giants-58551,nfl,new-york-giants,18d,http://espn.com/blog/new-york-giants/post/_/id/58551/giants-saquon-barkley-lives-up-to-the-hype-during-rookie-season
0,ESPN.com,story-link,26003959,nfl,philadelphia-eagles,2d,http://www.espn.com/nfl/story/_/id/26003959/2019-franchise-tag-candidates-predictions-all-32-nfl-teams
1,Tim McManus,story-link,philadelphia-eagles-27094,nfl,philadelphia-eagles,6d,http://espn.com/blog/philadelphia-eagles/post/_/id/27094/jacksonville-bound-a-look-at-nick-foles-market-after-flacco-deal
2,Jeremy Willis,story-link,25995553,nfl,philadelphia-eagles,6d,http://www.espn.com/nfl/story/_/id/25995553/nfl-teams-send-their-valentines
3,Bill Barnwell,story-link,25966875,nfl,philadelphia-eagles,6d,http://www.espn.com/nfl/story/_/id/25966875/five-2019-offseason-moves-nfc-team-make-bill-barnwell-predicts-trades-free-agency-cuts
4,Tim McManus,story-link,philadelphia-eagles-27080,nfl,philadelphia-eagles,7d,http://espn.com/blog/philadelphia-eagles/post/_/id/27080/wr-golden-tate-enters-free-agency-with-a-different-mindset
5,Tim McManus,story-link,25937919,nfl,philadelphia-eagles,14d,http://www.espn.com/nfl/story/_/id/25937919/nick-foles-makes-2-million-buyout-philadelphia-eagles
6,Jeremy Willis,story-link,25932328,nfl,philadelphia-eagles,14d,http://www.espn.com/nfl/story/_/id/25932328/nfl-2018-quiz-how-well-do-remember-season
7,Tim McManus,story-link,25933365,nfl,philadelphia-eagles,14d,http://www.espn.com/nfl/story/_/id/25933365/qb-nick-foles-opts-philadelphia-eagles-pick-option
8,Tim McManus,story-link,25914549,nfl,philadelphia-eagles,17d,http://www.espn.com/nfl/story/_/id/25914549/eagles-qb-carson-wentz-says-been-better-teammate
9,Tim McManus,story-link,philadelphia-eagles-27064,nfl,philadelphia-eagles,16d,http://espn.com/blog/philadelphia-eagles/post/_/id/27064/qa-with-carson-wentz-addressing-alleged-teammate-criticism
10,Adam Schefter,story-link,25908384,nfl,philadelphia-eagles,17d,http://www.espn.com/nfl/story/_/id/25908384/philadelphia-eagles-expected-franchise-trade-nick-foles-sources-say
11,Tim McManus,story-link,philadelphia-eagles-27022,nfl,philadelphia-eagles,19d,http://espn.com/blog/philadelphia-eagles/post/_/id/27022/whoa-baby-a-look-at-how-eagles-super-bowl-win-impacted-philly
12,Tim McManus,story-link,philadelphia-eagles-26997,nfl,philadelphia-eagles,37d,http://espn.com/blog/philadelphia-eagles/post/_/id/26997/sunday-felt-like-nick-foles-goodbye-to-philly
0,John Keim,story-link,washington-redskins-38175,nfl,washington-redskins,1d,http://espn.com/blog/washington-redskins/post/_/id/38175/adrian-peterson-can-help-redskins-but-a-deal-could-be-tricky
1,Tim McManus,story-link,philadelphia-eagles-27094,nfl,washington-redskins,6d,http://espn.com/blog/philadelphia-eagles/post/_/id/27094/jacksonville-bound-a-look-at-nick-foles-market-after-flacco-deal
2,Dan Graziano,story-link,25988932,nfl,washington-redskins,6d,http://www.espn.com/nfl/story/_/id/25988932/welcome-nfl-ever-rare-quarterback-buyers-market-2019
3,Bill Barnwell,story-link,25966875,nfl,washington-redskins,6d,http://www.espn.com/nfl/story/_/id/25966875/five-2019-offseason-moves-nfc-team-make-bill-barnwell-predicts-trades-free-agency-cuts
4,John Keim,story-link,washington-redskins-38164,nfl,washington-redskins,6d,http://espn.com/blog/washington-redskins/post/_/id/38164/joe-flacco-trade-puts-redskins-in-better-position-to-find-qb
5,John Keim,story-link,washington-redskins-38148,nfl,washington-redskins,7d,http://espn.com/blog/washington-redskins/post/_/id/38148/decade-of-failed-investments-have-redskins-back-in-qb-hunt
6,John Keim,story-link,25974381,nfl,washington-redskins,8d,http://www.espn.com/nfl/story/_/id/25974381/jack-gruden-son-redskins-head-coach-jay-gruden-arrested-charged-public-drunkenness
7,John Keim,story-link,washington-redskins-38137,nfl,washington-redskins,13d,http://espn.com/blog/washington-redskins/post/_/id/38137/redskins-need-a-qb-but-other-draft-areas-could-bring-better-results
8,Jeremy Willis,story-link,25932328,nfl,washington-redskins,14d,http://www.espn.com/nfl/story/_/id/25932328/nfl-2018-quiz-how-well-do-remember-season
9,John Keim,story-link,washington-redskins-38124,nfl,washington-redskins,15d,http://espn.com/blog/washington-redskins/post/_/id/38124/breaking-down-the-redskins-qb-options-as-alex-smith-recovers
10,Jeff Legwold,story-link,25908742,nfl,washington-redskins,17d,http://www.espn.com/nfl/story/_/id/25908742/pro-football-hall-fame-8-person-class-includes-ed-reed-ty-law-champ-bailey-tony-gonzalez
11,Jeff Legwold,story-link,nflnation-293392,nfl,washington-redskins,18d,http://espn.com/blog/nflnation/post/_/id/293392/pro-football-hall-of-fame-meet-the-newest-members
12,ESPN.com,story-link,25851745,nfl,washington-redskins,19d,http://www.espn.com/nfl/story/_/id/25851745/who-vote-pro-football-hall-fame-48-nfl-analysts-pick-their-class-2019
13,John Keim,story-link,25886150,nfl,washington-redskins,20d,http://www.espn.com/nfl/story/_/id/25886150/redskins-hire-rob-ryan-linebackers-coach
14,John Keim,story-link,25879982,nfl,washington-redskins,21d,http://www.espn.com/nfl/story/_/id/25879982/kevin-oconnell-promoted-redskins-offensive-coordinator
15,John Keim,story-link,washington-redskins-38111,nfl,washington-redskins,22d,http://espn.com/blog/washington-redskins/post/_/id/38111/robert-griffin-iii-trade-provides-lessons-redskins-must-heed-in-2019
16,Bill Barnwell,story-link,25834281,nfl,washington-redskins,23d,http://www.espn.com/nfl/story/_/id/25834281/predicting-2019-vegas-win-totals-unders-all-32-nfl-teams
17,Jason Reid,story-link,25811413,nfl,washington-redskins,30d,http://www.espn.com/nfl/story/_/id/25811413/sean-mcvay-sprang-nfl-most-underrated-coaching-tree
18,John Keim,story-link,washington-redskins-38097,nfl,washington-redskins,25d,http://espn.com/blog/washington-redskins/post/_/id/38097/sean-mcvay-got-away-but-tough-to-fault-redskins
0,Jamison Hensley,story-link,baltimore-ravens-48515,nfl,baltimore-ravens,27d,http://espn.com/blog/baltimore-ravens/post/_/id/48515/qb-critic-jalen-ramsey-praises-lamar-jackson-hes-the-truth
1,Jamison Hensley,story-link,baltimore-ravens-48725,nfl,baltimore-ravens,1d,http://espn.com/blog/baltimore-ravens/post/_/id/48725/rg3-lamar-jackson-will-develop-into-a-more-accurate-passer
2,ESPN.com,story-link,25998951,nfl,baltimore-ravens,1d,http://www.espn.com/nfl/story/_/id/25998951/how-nfl-worst-quarterbacks-improve-2019
3,ESPN.com,story-link,26003959,nfl,baltimore-ravens,2d,http://www.espn.com/nfl/story/_/id/26003959/2019-franchise-tag-candidates-predictions-all-32-nfl-teams
4,Jamison Hensley,story-link,baltimore-ravens-48712,nfl,baltimore-ravens,6d,http://espn.com/blog/baltimore-ravens/post/_/id/48712/joe-flaccos-legacy-with-ravens-ultimately-defined-by-playoff-success
5,Jeremy Willis,story-link,25995553,nfl,baltimore-ravens,6d,http://www.espn.com/nfl/story/_/id/25995553/nfl-teams-send-their-valentines
6,Bill Barnwell,story-link,25988157,nfl,baltimore-ravens,7d,http://www.espn.com/nfl/story/_/id/25988157/grading-joe-flacco-trade-ravens-broncos-how-did-denver-get-here
7,Jamison Hensley,story-link,baltimore-ravens-48357,nfl,baltimore-ravens,43d,http://espn.com/blog/baltimore-ravens/post/_/id/48357/in-classy-exit-joe-flacco-provides-smooth-handoff-to-lamar-jackson
8,Adam Schefter,story-link,25988060,nfl,baltimore-ravens,7d,http://www.espn.com/nfl/story/_/id/25988060/baltimore-ravens-trade-joe-flacco-denver-broncos
9,Bill Barnwell,story-link,25901330,nfl,baltimore-ravens,9d,http://www.espn.com/espn/feature/story/_/id/25901330/predicting-2019-nfl-offseason-dominoes-free-agents-trades-cause-ripples
10,Jamison Hensley,story-link,baltimore-ravens-48692,nfl,baltimore-ravens,12d,http://espn.com/blog/baltimore-ravens/post/_/id/48692/future-pairing-leveon-bell-lamar-jackson-connect-on-social-media
11,Jamison Hensley,story-link,baltimore-ravens-48665,nfl,baltimore-ravens,13d,http://espn.com/blog/baltimore-ravens/post/_/id/48665/lamar-jackson-provides-more-freedom-in-building-ravens-offense
12,Jeremy Willis,story-link,25932328,nfl,baltimore-ravens,14d,http://www.espn.com/nfl/story/_/id/25932328/nfl-2018-quiz-how-well-do-remember-season
13,Jeff Legwold,story-link,25908742,nfl,baltimore-ravens,17d,http://www.espn.com/nfl/story/_/id/25908742/pro-football-hall-fame-8-person-class-includes-ed-reed-ty-law-champ-bailey-tony-gonzalez
14,Jeff Legwold,story-link,nflnation-293392,nfl,baltimore-ravens,18d,http://espn.com/blog/nflnation/post/_/id/293392/pro-football-hall-of-fame-meet-the-newest-members
15,ESPN.com,story-link,25851745,nfl,baltimore-ravens,19d,http://www.espn.com/nfl/story/_/id/25851745/who-vote-pro-football-hall-fame-48-nfl-analysts-pick-their-class-2019
16,Jamison Hensley,story-link,baltimore-ravens-48641,nfl,baltimore-ravens,20d,http://espn.com/blog/baltimore-ravens/post/_/id/48641/ozzie-newsomes-new-title-new-ravens-gm-thinking-consigliere
17,Jamison Hensley,story-link,25891948,nfl,baltimore-ravens,20d,http://www.espn.com/nfl/story/_/id/25891948/baltimore-ravens-gm-eric-decosta-rips-reports-sour-relationship-coach-john-harbaugh
18,Jamison Hensley,story-link,baltimore-ravens-48624,nfl,baltimore-ravens,21d,http://espn.com/blog/baltimore-ravens/post/_/id/48624/from-oil-changes-to-ravens-gm-eric-decosta-proves-patience-pays-off
19,Jamison Hensley,story-link,25886544,nfl,baltimore-ravens,20d,http://www.espn.com/nfl/story/_/id/25886544/new-ravens-gm-eric-decosta-believe-my-heart-cj-mosley-re-sign
20,Jamison Hensley,story-link,baltimore-ravens-48584,nfl,baltimore-ravens,21d,http://espn.com/blog/baltimore-ravens/post/_/id/48584/what-made-ed-reed-so-dangerous-he-made-the-impossible-possible
0,Tim McManus,story-link,philadelphia-eagles-27094,nfl,cincinnati-bengals,6d,http://espn.com/blog/philadelphia-eagles/post/_/id/27094/jacksonville-bound-a-look-at-nick-foles-market-after-flacco-deal
1,Chris Low,story-link,25995031,nfl,cincinnati-bengals,6d,http://www.espn.com/nfl/story/_/id/25995031/todd-grantham-sticking-florida-considering-bengals-offer
2,Dan Graziano,story-link,25988932,nfl,cincinnati-bengals,6d,http://www.espn.com/nfl/story/_/id/25988932/welcome-nfl-ever-rare-quarterback-buyers-market-2019
3,ESPN NFL Experts,story-link,25973524,nfl,cincinnati-bengals,8d,http://insider.espn.com/nfl/insider/story/_/id/25973524/nfl-experts-predict-kyler-murray-perfect-fit-2019-nfl-draft
4,Katherine Terrell,story-link,25973246,nfl,cincinnati-bengals,9d,http://www.espn.com/nfl/story/_/id/25973246/bengals-coach-zac-taylor-hires-cincinnati-hs-coach-assistant
5,Katherine Terrell,story-link,25945471,nfl,cincinnati-bengals,13d,http://www.espn.com/nfl/story/_/id/25945471/zac-taylor-defends-adding-jim-turner-fired-dolphins-bully-case-bengals-staff
6,Katherine Terrell,story-link,cincinnati-bengals-31098,nfl,cincinnati-bengals,14d,http://espn.com/blog/cincinnati-bengals/post/_/id/31098/bengals-counting-on-reboot-from-energetic-new-coach-zac-taylor
7,Katherine Terrell,story-link,25932697,nfl,cincinnati-bengals,14d,http://www.espn.com/nfl/story/_/id/25932697/new-bengals-coach-zac-taylor-not-going-try-sean-mcvay
8,Katherine Terrell,story-link,cincinnati-bengals-31089,nfl,cincinnati-bengals,16d,http://espn.com/blog/cincinnati-bengals/post/_/id/31089/bengals-take-long-overdue-risk-with-the-hiring-of-zac-taylor
9,Katherine Terrell,story-link,25924806,nfl,cincinnati-bengals,15d,http://www.espn.com/nfl/story/_/id/25924806/bengals-name-zac-taylor-10th-head-coach-franchise-history
10,Bill Barnwell,story-link,25834281,nfl,cincinnati-bengals,23d,http://www.espn.com/nfl/story/_/id/25834281/predicting-2019-vegas-win-totals-unders-all-32-nfl-teams
0,ESPN.com,story-link,25998951,nfl,cleveland-browns,1d,http://www.espn.com/nfl/story/_/id/25998951/how-nfl-worst-quarterbacks-improve-2019
1,Jeremy Willis,story-link,25995553,nfl,cleveland-browns,6d,http://www.espn.com/nfl/story/_/id/25995553/nfl-teams-send-their-valentines
2,Pat McManamon,story-link,25975979,nfl,cleveland-browns,8d,http://www.espn.com/nfl/story/_/id/25975979/kareem-hunt-browns-how-fits-status-nfl-more
3,Pat McManamon,story-link,cleveland-browns-26730,nfl,cleveland-browns,12d,http://espn.com/blog/cleveland-browns/post/_/id/26730/baker-mayfield-raising-expectations-and-attracting-respected-coordinators
4,Pat McManamon,story-link,25941902,nfl,cleveland-browns,13d,http://www.espn.com/nfl/story/_/id/25941902/baker-mayfield-use-rookie-year-loss-saquon-quads-barkley-motivation
5,Jeremy Willis,story-link,25932328,nfl,cleveland-browns,14d,http://www.espn.com/nfl/story/_/id/25932328/nfl-2018-quiz-how-well-do-remember-season
6,Pat McManamon,story-link,cleveland-browns-26719,nfl,cleveland-browns,15d,http://espn.com/blog/cleveland-browns/post/_/id/26719/baker-mayfields-latest-slight-can-serve-as-more-motivation
0,Jeremy Fowler,story-link,26030855,nfl,pittsburgh-steelers,14h,http://www.espn.com/nfl/story/_/id/26030855/antonio-brown-pittsburgh-steelers-president-art-rooney-ii-meet-agree-move-on
1,Jeremy Fowler,story-link,26030590,nfl,pittsburgh-steelers,14h,http://www.espn.com/nfl/story/_/id/26030590/antonio-brown-pittsburgh-steelers-says-no-new-deal-guaranteed-money
2,Jeremy Fowler,story-link,pittsburgh-steelers-30205,nfl,pittsburgh-steelers,2d,http://espn.com/blog/pittsburgh-steelers/post/_/id/30205/antonio-brown-pulls-plug-on-wi-fi-connection-with-roethlisberger
3,ESPN.com,story-link,26003959,nfl,pittsburgh-steelers,2d,http://www.espn.com/nfl/story/_/id/26003959/2019-franchise-tag-candidates-predictions-all-32-nfl-teams
4,Jeremy Fowler,story-link,26012039,nfl,pittsburgh-steelers,3d,http://www.espn.com/nfl/story/_/id/26012039/antonio-brown-addresses-trade-request-fans-twitter
5,Jeremy Fowler,story-link,26005041,nfl,pittsburgh-steelers,4d,http://www.espn.com/nfl/story/_/id/26005041/pittsburgh-steelers-president-antonio-brown-meet-next-week
6,Jeremy Fowler,story-link,pittsburgh-steelers-30191,nfl,pittsburgh-steelers,5d,http://espn.com/blog/pittsburgh-steelers/post/_/id/30191/juju-smith-schuster-in-historic-company-with-or-without-antonio-brown
7,Jeremy Willis,story-link,25995553,nfl,pittsburgh-steelers,6d,http://www.espn.com/nfl/story/_/id/25995553/nfl-teams-send-their-valentines
8,Jeremy Fowler,story-link,pittsburgh-steelers-30173,nfl,pittsburgh-steelers,7d,http://espn.com/blog/pittsburgh-steelers/post/_/id/30173/re-imagining-steelers-offense-without-antonio-brown
0,Rob Demovsky,story-link,green-bay-packers-46826,nfl,chicago-bears,1d,http://espn.com/blog/green-bay-packers/post/_/id/46826/a-butkus-in-green-bay-and-the-bears-hall-of-famer-is-ok-with-it
1,Jeremy Willis,story-link,25995553,nfl,chicago-bears,6d,http://www.espn.com/nfl/story/_/id/25995553/nfl-teams-send-their-valentines
2,Bill Barnwell,story-link,25966875,nfl,chicago-bears,6d,http://www.espn.com/nfl/story/_/id/25966875/five-2019-offseason-moves-nfc-team-make-bill-barnwell-predicts-trades-free-agency-cuts
3,Jeremy Willis,story-link,25932328,nfl,chicago-bears,14d,http://www.espn.com/nfl/story/_/id/25932328/nfl-2018-quiz-how-well-do-remember-season
4,Ben Fawkes,story-link,25916952,nfl,chicago-bears,16d,http://www.espn.com/chalk/story/_/id/25916952/kansas-city-chiefs-early-favorites-win-super-bowl-liv-next-season
5,Jeff Dickerson,story-link,chicago-bears-4709078,nfl,chicago-bears,18d,http://espn.com/blog/chicago-bears/post/_/id/4709078/bears-matt-nagy-named-nfl-coach-of-the-year
6,Adam Teicher,story-link,25908816,nfl,chicago-bears,17d,http://www.espn.com/nfl/story/_/id/25908816/nfl-awards-roundup-2018-season
7,Bill Barnwell,story-link,25834281,nfl,chicago-bears,23d,http://www.espn.com/nfl/story/_/id/25834281/predicting-2019-vegas-win-totals-unders-all-32-nfl-teams
8,Jeff Dickerson,story-link,chicago-bears-4709056,nfl,chicago-bears,26d,http://espn.com/blog/chicago-bears/post/_/id/4709056/chuck-pagano-believes-bears-have-pieces-to-be-historic-defense
9,Jeff Dickerson,story-link,chicago-bears-4709061,nfl,chicago-bears,27d,http://espn.com/blog/chicago-bears/post/_/id/4709061/mitchell-trubisky-voices-support-for-brother-cody-parkey
10,Jeff Dickerson,story-link,25841850,nfl,chicago-bears,27d,http://www.espn.com/nfl/story/_/id/25841850/new-chicago-bears-dc-chuck-pagano-not-interested-again-being-head-coach
11,David Newton,story-link,25816820,nfl,chicago-bears,30d,http://www.espn.com/nfl/story/_/id/25816820/carolina-panthers-houston-texans-play-london-1st
12,ESPN.com,story-link,25752270,nfl,chicago-bears,35d,http://www.espn.com/nfl/story/_/id/25752270/biggest-looming-2019-free-agent-decisions-all-32-nfl-teams
0,Michael Rothstein,story-link,detroit-lions-35161,nfl,detroit-lions,5d,http://espn.com/blog/detroit-lions/post/_/id/35161/glover-quins-impact-on-lions-stretched-beyond-the-field
1,Michael Rothstein,story-link,26004716,nfl,detroit-lions,4d,http://www.espn.com/nfl/story/_/id/26004716/lions-release-safety-glover-quin-wr-bruce-ellington-lb-nicholas-grigsby
2,Bill Barnwell,story-link,25966875,nfl,detroit-lions,6d,http://www.espn.com/nfl/story/_/id/25966875/five-2019-offseason-moves-nfc-team-make-bill-barnwell-predicts-trades-free-agency-cuts
3,Michael Rothstein,story-link,detroit-lions-35146,nfl,detroit-lions,7d,http://espn.com/blog/detroit-lions/post/_/id/35146/darrell-bevell-still-in-midst-of-constructing-lions-offense
4,Michael Rothstein,story-link,25976163,nfl,detroit-lions,8d,http://www.espn.com/nfl/story/_/id/25976163/lions-attempt-deflect-hard-knocks-season-raiders
5,Michael Rothstein,story-link,25976087,nfl,detroit-lions,8d,http://www.espn.com/nfl/story/_/id/25976087/detroit-lions-open-drafting-qb-no-8-overall-pick
6,Michael Rothstein,story-link,detroit-lions-35116,nfl,detroit-lions,15d,http://espn.com/blog/detroit-lions/post/_/id/35116/kenny-golladay-grew-into-lions-no-1-receiver-with-even-more-potential
7,Michael Rothstein,story-link,detroit-lions-35103,nfl,detroit-lions,22d,http://espn.com/blog/detroit-lions/post/_/id/35103/why-brandon-powell-is-a-candidate-to-replace-golden-tate
8,Michael Rothstein,story-link,25873292,nfl,detroit-lions,22d,http://www.espn.com/nfl/story/_/id/25873292/detroit-lions-trevor-bates-undergoing-evaluation-arrest-agent-says
9,Bill Barnwell,story-link,25834281,nfl,detroit-lions,23d,http://www.espn.com/nfl/story/_/id/25834281/predicting-2019-vegas-win-totals-unders-all-32-nfl-teams
0,Rob Demovsky,story-link,green-bay-packers-46667,nfl,green-bay-packers,44d,http://espn.com/blog/green-bay-packers/post/_/id/46667/matt-lafleurs-time-with-mcvay-shanahan-will-help-aaron-rodgers
1,Rob Demovsky,story-link,green-bay-packers-46826,nfl,green-bay-packers,1d,http://espn.com/blog/green-bay-packers/post/_/id/46826/a-butkus-in-green-bay-and-the-bears-hall-of-famer-is-ok-with-it
2,Rob Demovsky,story-link,26026544,nfl,green-bay-packers,1d,http://www.espn.com/nfl/story/_/id/26026544/new-packers-qb-coach-thinks-aaron-rodgers-wants-coached
3,Rob Demovsky,story-link,green-bay-packers-46802,nfl,green-bay-packers,14d,http://espn.com/blog/green-bay-packers/post/_/id/46802/fackrell-martinez-lowry-trio-earn-raises-roles-in-packers-d-for-2019
4,Bill Barnwell,story-link,25966875,nfl,green-bay-packers,6d,http://www.espn.com/nfl/story/_/id/25966875/five-2019-offseason-moves-nfc-team-make-bill-barnwell-predicts-trades-free-agency-cuts
5,Rob Demovsky,story-link,green-bay-packers-46811,nfl,green-bay-packers,7d,http://espn.com/blog/green-bay-packers/post/_/id/46811/keep-or-cut-packers-could-move-on-from-nick-perry-others
6,Rob Demovsky,story-link,25924014,nfl,green-bay-packers,16d,http://www.espn.com/nfl/story/_/id/25924014/packers-qb-aaron-rodgers-avoids-surgery-left-knee
0,Courtney Cronin,story-link,26033184,nfl,minnesota-vikings,6h,http://www.espn.com/nfl/story/_/id/26033184/adam-thielen-agent-hopeful-extension-vikings
1,Courtney Cronin,story-link,minnesota-vikings-28167,nfl,minnesota-vikings,22h,http://espn.com/blog/minnesota-vikings/post/_/id/28167/pros-and-cons-of-vikings-using-franchise-tag-on-anthony-barr
2,ESPN.com,story-link,26003959,nfl,minnesota-vikings,2d,http://www.espn.com/nfl/story/_/id/26003959/2019-franchise-tag-candidates-predictions-all-32-nfl-teams
3,Bill Barnwell,story-link,25966875,nfl,minnesota-vikings,6d,http://www.espn.com/nfl/story/_/id/25966875/five-2019-offseason-moves-nfc-team-make-bill-barnwell-predicts-trades-free-agency-cuts
4,Courtney Cronin,story-link,minnesota-vikings-28155,nfl,minnesota-vikings,20d,http://espn.com/blog/minnesota-vikings/post/_/id/28155/vikings-kyle-rudolph-is-there-for-families-during-the-fight-of-their-lives
5,Bill Barnwell,story-link,25834281,nfl,minnesota-vikings,23d,http://www.espn.com/nfl/story/_/id/25834281/predicting-2019-vegas-win-totals-unders-all-32-nfl-teams
6,Courtney Cronin,story-link,minnesota-vikings-28146,nfl,minnesota-vikings,26d,http://espn.com/blog/minnesota-vikings/post/_/id/28146/vikings-anthony-barr-will-let-free-agency-dictate-itself
7,Courtney Cronin,story-link,minnesota-vikings-28137,nfl,minnesota-vikings,33d,http://espn.com/blog/minnesota-vikings/post/_/id/28137/how-gary-kubiaks-influence-could-affect-the-vikings-offense
8,ESPN.com,story-link,25752270,nfl,minnesota-vikings,35d,http://www.espn.com/nfl/story/_/id/25752270/biggest-looming-2019-free-agent-decisions-all-32-nfl-teams
9,Mike Sando,story-link,25760521,nfl,minnesota-vikings,36d,http://insider.espn.com/nfl/insider/story/_/id/25760521/re-grading-every-nfl-team-2018-offseason-moves
10,Courtney Cronin,story-link,minnesota-vikings-28106,nfl,minnesota-vikings,37d,http://espn.com/blog/minnesota-vikings/post/_/id/28106/brian-oneill-mike-hughes-provide-hope-for-vikings-future
11,Courtney Cronin,story-link,minnesota-vikings-28122,nfl,minnesota-vikings,40d,http://espn.com/blog/minnesota-vikings/post/_/id/28122/vikings-luck-out-with-kevin-stefanski-returning-as-offensive-coordinator
12,ESPN.com staff,story-link,nfcnorth-83085,nfl,minnesota-vikings,41d,http://espn.com/blog/nfcnorth/post/_/id/83085/bears-nearly-sweep-nfc-north-awards-after-breakthrough-season
0,ESPN.com,story-link,26003959,nfl,houston-texans,2d,http://www.espn.com/nfl/story/_/id/26003959/2019-franchise-tag-candidates-predictions-all-32-nfl-teams
1,Jeremy Willis,story-link,25932328,nfl,houston-texans,14d,http://www.espn.com/nfl/story/_/id/25932328/nfl-2018-quiz-how-well-do-remember-season
2,Dan Graziano,story-link,25886188,nfl,houston-texans,16d,http://www.espn.com/nfl/story/_/id/25886188/ten-bold-nfl-predictions-2019-season-landing-spot-leveon-foles
3,Bill Barnwell,story-link,25834281,nfl,houston-texans,23d,http://www.espn.com/nfl/story/_/id/25834281/predicting-2019-vegas-win-totals-unders-all-32-nfl-teams
4,Michael DiRocco,story-link,houston-texans-23505,nfl,houston-texans,25d,http://espn.com/blog/houston-texans/post/_/id/23505/deshaun-watson-i-guess-im-pretty-good-in-state-of-florida
5,David Newton,story-link,25816820,nfl,houston-texans,30d,http://www.espn.com/nfl/story/_/id/25816820/carolina-panthers-houston-texans-play-london-1st
6,ESPN.com,story-link,25752270,nfl,houston-texans,35d,http://www.espn.com/nfl/story/_/id/25752270/biggest-looming-2019-free-agent-decisions-all-32-nfl-teams
7,Mike Sando,story-link,25760521,nfl,houston-texans,36d,http://insider.espn.com/nfl/insider/story/_/id/25760521/re-grading-every-nfl-team-2018-offseason-moves
8,Jeff Legwold,story-link,nflnation-292403,nfl,houston-texans,37d,http://espn.com/blog/nflnation/post/_/id/292403/our-picks-for-rookies-of-the-year-and-the-leagues-all-rookie-team
9,Turron Davenport,story-link,houston-texans-23497,nfl,houston-texans,37d,http://espn.com/blog/houston-texans/post/_/id/23497/safety-just-reid-headlines-strong-draft-class-for-texans
10,Bill Barnwell,story-link,25720513,nfl,houston-texans,41d,http://www.espn.com/nfl/story/_/id/25720513/lucky-moves-shaped-all-eight-nfl-playoff-rosters-2018
0,Mike Wells,story-link,indianapolis-colts-24294,nfl,indianapolis-colts,15d,http://espn.com/blog/indianapolis-colts/post/_/id/24294/colts-need-more-pass-rushers-to-survive-schedule-loaded-with-elite-qbs
1,Mike Wells,story-link,indianapolis-colts-24315,nfl,indianapolis-colts,6d,http://espn.com/blog/indianapolis-colts/post/_/id/24315/leveon-bell-antonio-brown-fit-colts-on-field-but-not-off-it
2,Jeremy Willis,story-link,25995553,nfl,indianapolis-colts,6d,http://www.espn.com/nfl/story/_/id/25995553/nfl-teams-send-their-valentines
3,Mike Wells,story-link,indianapolis-colts-24307,nfl,indianapolis-colts,8d,http://espn.com/blog/indianapolis-colts/post/_/id/24307/colts-likely-wont-have-to-overpay-to-re-sign-own-free-agents
4,Mike Wells,story-link,25945632,nfl,indianapolis-colts,13d,http://www.espn.com/nfl/story/_/id/25945632/colts-name-former-ol-coach-howard-mudd-senior-offensive-assistant
5,Jeremy Willis,story-link,25932328,nfl,indianapolis-colts,14d,http://www.espn.com/nfl/story/_/id/25932328/nfl-2018-quiz-how-well-do-remember-season
6,Mike Wells,story-link,indianapolis-colts-24261,nfl,indianapolis-colts,18d,http://espn.com/blog/indianapolis-colts/post/_/id/24261/andrew-luck-completes-comeback-season-with-playoffs-award
7,Mike Wells,story-link,indianapolis-colts-24264,nfl,indianapolis-colts,18d,http://espn.com/blog/indianapolis-colts/post/_/id/24264/colts-linebacker-darius-leonard-from-unknown-to-rookie-of-year
8,Adam Teicher,story-link,25908816,nfl,indianapolis-colts,17d,http://www.espn.com/nfl/story/_/id/25908816/nfl-awards-roundup-2018-season
9,Jeff Legwold,story-link,nflnation-293392,nfl,indianapolis-colts,18d,http://espn.com/blog/nflnation/post/_/id/293392/pro-football-hall-of-fame-meet-the-newest-members
10,Mike Wells,story-link,indianapolis-colts-24274,nfl,indianapolis-colts,22d,http://espn.com/blog/indianapolis-colts/post/_/id/24274/andrew-luck-colts-will-be-scary-after-securing-o-line-stability
11,Bill Barnwell,story-link,25834281,nfl,indianapolis-colts,23d,http://www.espn.com/nfl/story/_/id/25834281/predicting-2019-vegas-win-totals-unders-all-32-nfl-teams
12,Mike Wells,story-link,indianapolis-colts-24248,nfl,indianapolis-colts,27d,http://espn.com/blog/indianapolis-colts/post/_/id/24248/colts-gms-message-to-his-incredible-draft-class-do-it-again
13,Adam Schefter,story-link,25809232,nfl,indianapolis-colts,31d,http://www.espn.com/nfl/story/_/id/25809232/adam-vinatieri-46-wants-play-24th-season-nfl-2019
0,Michael DiRocco,story-link,26031024,nfl,jacksonville-jaguars,13h,http://www.espn.com/nfl/story/_/id/26031024/jaguars-name-dom-capers-senior-defensive-assistant
1,ESPN.com,story-link,25998951,nfl,jacksonville-jaguars,1d,http://www.espn.com/nfl/story/_/id/25998951/how-nfl-worst-quarterbacks-improve-2019
2,Mike Rodak,story-link,26026509,nfl,jacksonville-jaguars,1d,http://www.espn.com/nfl/story/_/id/26026509/bills-qb-josh-allen-pokes-jags-cb-jalen-ramsey-autograph
3,Michael DiRocco,story-link,26026904,nfl,jacksonville-jaguars,1d,http://www.espn.com/nfl/story/_/id/26026904/jaguars-pick-option-defensive-end-calais-campbell
4,Michael DiRocco,story-link,jacksonville-jaguars-26723,nfl,jacksonville-jaguars,2d,http://espn.com/blog/jacksonville-jaguars/post/_/id/26723/kyler-murrays-football-choice-has-big-impact-on-jaguars-qb-options
5,Tim McManus,story-link,philadelphia-eagles-27094,nfl,jacksonville-jaguars,6d,http://espn.com/blog/philadelphia-eagles/post/_/id/27094/jacksonville-bound-a-look-at-nick-foles-market-after-flacco-deal
6,Dan Graziano,story-link,25988932,nfl,jacksonville-jaguars,6d,http://www.espn.com/nfl/story/_/id/25988932/welcome-nfl-ever-rare-quarterback-buyers-market-2019
7,Michael DiRocco,story-link,25990335,nfl,jacksonville-jaguars,6d,http://www.espn.com/nfl/story/_/id/25990335/jaguars-ink-kicker-josh-lambo-4-year-extension
8,michaeldirocco,story-link,jacksonville-jaguars-26706,nfl,jacksonville-jaguars,7d,http://espn.com/blog/jacksonville-jaguars/post/_/id/26706/leonard-fournettes-2018-woes-make-rb-sneaky-need-for-jaguars
9,ESPN NFL Experts,story-link,25973524,nfl,jacksonville-jaguars,8d,http://insider.espn.com/nfl/insider/story/_/id/25973524/nfl-experts-predict-kyler-murray-perfect-fit-2019-nfl-draft
10,Michael DiRocco,story-link,jacksonville-jaguars-26696,nfl,jacksonville-jaguars,13d,http://espn.com/blog/jacksonville-jaguars/post/_/id/26696/calais-campbell-ready-to-help-jaguars-recruit-2019-free-agents
11,Dan Graziano,story-link,25886188,nfl,jacksonville-jaguars,16d,http://www.espn.com/nfl/story/_/id/25886188/ten-bold-nfl-predictions-2019-season-landing-spot-leveon-foles
12,Michael DiRocco,story-link,jacksonville-jaguars-26687,nfl,jacksonville-jaguars,20d,http://espn.com/blog/jacksonville-jaguars/post/_/id/26687/jaguars-cb-jalen-ramsey-wants-to-play-wr-and-probably-should
13,Bill Barnwell,story-link,25834281,nfl,jacksonville-jaguars,23d,http://www.espn.com/nfl/story/_/id/25834281/predicting-2019-vegas-win-totals-unders-all-32-nfl-teams
0,Turron Davenport,story-link,tennessee-titans-27886,nfl,tennessee-titans,5d,http://espn.com/blog/tennessee-titans/post/_/id/27886/titans-johnathan-cyprien-ready-to-let-it-all-out-in-return
1,Dan Graziano,story-link,25988932,nfl,tennessee-titans,6d,http://www.espn.com/nfl/story/_/id/25988932/welcome-nfl-ever-rare-quarterback-buyers-market-2019
2,Turron Davenport,story-link,tennessee-titans-27848,nfl,tennessee-titans,8d,http://espn.com/blog/tennessee-titans/post/_/id/27848/dean-pees-return-key-to-titans-building-championship-defense
3,Turron Davenport,story-link,tennessee-titans-27845,nfl,tennessee-titans,14d,http://espn.com/blog/tennessee-titans/post/_/id/27845/titans-oc-plans-to-feed-derrick-henry-not-afraid-to-win-ugly
4,Jeff Legwold,story-link,25908742,nfl,tennessee-titans,17d,http://www.espn.com/nfl/story/_/id/25908742/pro-football-hall-fame-8-person-class-includes-ed-reed-ty-law-champ-bailey-tony-gonzalez
5,Turron Davenport,story-link,tennessee-titans-27770,nfl,tennessee-titans,19d,http://espn.com/blog/tennessee-titans/post/_/id/27770/titans-dennis-kelly-to-battle-for-starting-role-following-tumultuous-2018-season
6,Bill Barnwell,story-link,25834281,nfl,tennessee-titans,23d,http://www.espn.com/nfl/story/_/id/25834281/predicting-2019-vegas-win-totals-unders-all-32-nfl-teams
7,Turron Davenport,story-link,tennessee-titans-27814,nfl,tennessee-titans,28d,http://espn.com/blog/tennessee-titans/post/_/id/27814/corey-davis-titans-wideouts-showed-improvement-have-room-to-grow
8,Turron Davenport,story-link,25818090,nfl,tennessee-titans,29d,http://www.espn.com/nfl/story/_/id/25818090/tennessee-titans-promote-arthur-smith-replace-matt-lafleur-oc
9,ESPN.com,story-link,25752270,nfl,tennessee-titans,35d,http://www.espn.com/nfl/story/_/id/25752270/biggest-looming-2019-free-agent-decisions-all-32-nfl-teams
10,Turron Davenport,story-link,tennessee-titans-27736,nfl,tennessee-titans,35d,http://espn.com/blog/tennessee-titans/post/_/id/27736/titans-safety-kenny-vaccaros-physical-play-makes-him-a-keeper
11,Mike Sando,story-link,25760521,nfl,tennessee-titans,36d,http://insider.espn.com/nfl/insider/story/_/id/25760521/re-grading-every-nfl-team-2018-offseason-moves
12,Turron Davenport,story-link,tennessee-titans-27767,nfl,tennessee-titans,37d,http://espn.com/blog/tennessee-titans/post/_/id/27767/led-by-harold-landry-titans-rookies-finished-on-a-strong-note
13,Turron Davenport,story-link,tennessee-titans-27740,nfl,tennessee-titans,41d,http://espn.com/blog/tennessee-titans/post/_/id/27740/mark-helfrich-john-defilippo-among-oc-possibilities-for-titans
14,ESPN.com,story-link,afcsouth-72136,nfl,tennessee-titans,41d,http://espn.com/blog/afcsouth/post/_/id/72136/colts-clean-up-in-afc-south-awards-after-improbable-turnaround
15,Turron Davenport,story-link,tennessee-titans-27725,nfl,tennessee-titans,47d,http://espn.com/blog/tennessee-titans/post/_/id/27725/how-tennessee-and-derrick-henry-finally-found-their-groove
16,Turron Davenport,story-link,tennessee-titans-27738,nfl,tennessee-titans,43d,http://espn.com/blog/tennessee-titans/post/_/id/27738/matt-lafleurs-year-as-titans-oc-offers-glimpse-of-what-packers-can-expect
17,Turron Davenport,story-link,tennessee-titans-27743,nfl,tennessee-titans,42d,http://espn.com/blog/tennessee-titans/post/_/id/27743/for-marcus-mariota-its-groundhog-day-with-another-injury-new-oc
0,Vaughn McClure,story-link,26030574,nfl,atlanta-falcons,14h,http://www.espn.com/nfl/story/_/id/26030574/falcons-ol-ty-sambrailo-agree-three-year-extension
1,ESPN.com,story-link,26003959,nfl,atlanta-falcons,2d,http://www.espn.com/nfl/story/_/id/26003959/2019-franchise-tag-candidates-predictions-all-32-nfl-teams
2,Vaughn McClure,story-link,26003828,nfl,atlanta-falcons,5d,http://www.espn.com/nfl/story/_/id/26003828/falcons-tender-restricted-free-agent-cb-brian-poole
3,Jeremy Willis,story-link,25995553,nfl,atlanta-falcons,6d,http://www.espn.com/nfl/story/_/id/25995553/nfl-teams-send-their-valentines
4,Bill Barnwell,story-link,25966875,nfl,atlanta-falcons,6d,http://www.espn.com/nfl/story/_/id/25966875/five-2019-offseason-moves-nfc-team-make-bill-barnwell-predicts-trades-free-agency-cuts
5,Vaughn McClure,story-link,atlanta-falcons-33954,nfl,atlanta-falcons,13d,http://espn.com/blog/atlanta-falcons/post/_/id/33954/matt-ryan-winning-a-super-bowl-motivates-me-to-get-out-of-bed
6,Vaughn McClure,story-link,atlanta-falcons-33975,nfl,atlanta-falcons,7d,http://espn.com/blog/atlanta-falcons/post/_/id/33975/falcons-deion-jones-makes-a-connection-with-hall-of-famer-brian-urlacher
7,Vaughn McClure,story-link,atlanta-falcons-33985,nfl,atlanta-falcons,8d,http://espn.com/blog/atlanta-falcons/post/_/id/33985/kicker-matt-bryant-43-feels-great-says-tampa-is-an-option
8,Vaughn McClure,story-link,25937996,nfl,atlanta-falcons,14d,http://www.espn.com/nfl/story/_/id/25937996/falcons-part-ways-veteran-kicker-matt-bryant
9,Jeremy Willis,story-link,25932328,nfl,atlanta-falcons,14d,http://www.espn.com/nfl/story/_/id/25932328/nfl-2018-quiz-how-well-do-remember-season
10,Vaughn McClure,story-link,25933140,nfl,atlanta-falcons,14d,http://www.espn.com/nfl/story/_/id/25933140/falcons-release-starting-cornerback-robert-alford
11,Jeff Legwold,story-link,25908742,nfl,atlanta-falcons,17d,http://www.espn.com/nfl/story/_/id/25908742/pro-football-hall-fame-8-person-class-includes-ed-reed-ty-law-champ-bailey-tony-gonzalez
12,Jeff Legwold,story-link,nflnation-293392,nfl,atlanta-falcons,18d,http://espn.com/blog/nflnation/post/_/id/293392/pro-football-hall-of-fame-meet-the-newest-members
0,David Newton,story-link,carolina-panthers-31837,nfl,carolina-panthers,1d,http://espn.com/blog/carolina-panthers/post/_/id/31837/the-pros-and-cons-of-adding-colin-kaepernick
1,Mike Reiss,story-link,26014076,nfl,carolina-panthers,3d,http://www.espn.com/nfl/story/_/id/26014076/attorney-colin-kaepernick-sees-panthers-patriots-potential-landing-spots-qb
2,Jeremy Willis,story-link,25995553,nfl,carolina-panthers,6d,http://www.espn.com/nfl/story/_/id/25995553/nfl-teams-send-their-valentines
3,Bill Barnwell,story-link,25966875,nfl,carolina-panthers,6d,http://www.espn.com/nfl/story/_/id/25966875/five-2019-offseason-moves-nfc-team-make-bill-barnwell-predicts-trades-free-agency-cuts
4,David Newton,story-link,carolina-panthers-31822,nfl,carolina-panthers,7d,http://espn.com/blog/carolina-panthers/post/_/id/31822/new-deal-gives-eric-reid-path-to-leadership-role-as-panthers-replace-captains
5,David Newton,story-link,25982448,nfl,carolina-panthers,7d,http://www.espn.com/nfl/story/_/id/25982448/panthers-fb-alex-armah-used-arm-bar-detain-car-thief
6,Jason Reid,story-link,159241,nfl,carolina-panthers,8d,https://theundefeated.com/features/what-does-eric-reid-signing-mean-for-his-collusion-case-and-kaepernick/
7,David Newton,story-link,25973483,nfl,carolina-panthers,9d,http://www.espn.com/nfl/story/_/id/25973483/safety-eric-reid-signs-3-year-deal-return-panthers
8,David Newton,story-link,carolina-panthers-31808,nfl,carolina-panthers,12d,http://espn.com/blog/carolina-panthers/post/_/id/31808/ranking-qbs-the-panthers-could-add-as-cam-newton-insurance-this-offseason
9,David Newton,story-link,25945704,nfl,carolina-panthers,13d,http://www.espn.com/nfl/story/_/id/25945704/carolina-panthers-qb-cam-newton-says-even-more-dangerous-surgery
10,David Newton,story-link,carolina-panthers-31791,nfl,carolina-panthers,14d,http://espn.com/blog/carolina-panthers/post/_/id/31791/panthers-greg-olsen-planning-a-return-to-elite-level-not-retirement
11,Jeremy Willis,story-link,25932328,nfl,carolina-panthers,14d,http://www.espn.com/nfl/story/_/id/25932328/nfl-2018-quiz-how-well-do-remember-season
0,Mike Triplett,story-link,new-orleans-saints-31664,nfl,new-orleans-saints,6d,http://espn.com/blog/new-orleans-saints/post/_/id/31664/are-saints-a-realistic-option-for-quarterback-teddy-bridgewater
1,Jeremy Willis,story-link,25995553,nfl,new-orleans-saints,6d,http://www.espn.com/nfl/story/_/id/25995553/nfl-teams-send-their-valentines
2,Dan Graziano,story-link,25988932,nfl,new-orleans-saints,6d,http://www.espn.com/nfl/story/_/id/25988932/welcome-nfl-ever-rare-quarterback-buyers-market-2019
3,Bill Barnwell,story-link,25966875,nfl,new-orleans-saints,6d,http://www.espn.com/nfl/story/_/id/25966875/five-2019-offseason-moves-nfc-team-make-bill-barnwell-predicts-trades-free-agency-cuts
4,Mike Triplett,story-link,25973632,nfl,new-orleans-saints,8d,http://www.espn.com/nfl/story/_/id/25973632/saints-name-darren-rizzi-special-teams-coordinator
5,Bill Barnwell,story-link,25901330,nfl,new-orleans-saints,9d,http://www.espn.com/espn/feature/story/_/id/25901330/predicting-2019-nfl-offseason-dominoes-free-agents-trades-cause-ripples
6,Michael Triplett,story-link,25945469,nfl,new-orleans-saints,13d,http://www.espn.com/nfl/story/_/id/25945469/saints-david-onyemata-cited-marijuana-possession
7,Jeremy Willis,story-link,25932328,nfl,new-orleans-saints,14d,http://www.espn.com/nfl/story/_/id/25932328/nfl-2018-quiz-how-well-do-remember-season
8,Mike Triplett,story-link,new-orleans-saints-31651,nfl,new-orleans-saints,14d,http://espn.com/blog/new-orleans-saints/post/_/id/31651/saints-biggest-needs-their-own-versions-of-gronk-and-edelman
9,Mike Triplett,story-link,25934034,nfl,new-orleans-saints,14d,http://www.espn.com/nfl/story/_/id/25934034/new-orleans-saints-marcus-davenport-says-come-back-better-surgery
10,Mike Triplett,story-link,25927548,nfl,new-orleans-saints,15d,http://www.espn.com/nfl/story/_/id/25927548/team-gleason-beneficiary-dies-van-fire-en-route-super-bowl
11,Kevin Seifert,story-link,25926181,nfl,new-orleans-saints,15d,http://www.espn.com/nfl/story/_/id/25926181/super-bowl-liii-viewership-lowest-2007-season
12,Ben Fawkes,story-link,25916952,nfl,new-orleans-saints,16d,http://www.espn.com/chalk/story/_/id/25916952/kansas-city-chiefs-early-favorites-win-super-bowl-liv-next-season
13,Adam Schefter,story-link,25913825,nfl,new-orleans-saints,17d,http://www.espn.com/nfl/story/_/id/25913825/rematches-rams-saints-patriots-chiefs-contenders-2019-season-opener
14,Mike Triplett,story-link,25900829,nfl,new-orleans-saints,19d,http://www.espn.com/nfl/story/_/id/25900829/saints-drew-brees-displeased-roger-goodell-silence-blown-call
15,Mike Triplett,story-link,new-orleans-saints-31614,nfl,new-orleans-saints,19d,http://espn.com/blog/new-orleans-saints/post/_/id/31614/drew-brees-historic-season-from-the-15-saints-who-caught-his-td-passes
0,ESPN.com,story-link,26003959,nfl,tampa-bay-buccaneers,2d,http://www.espn.com/nfl/story/_/id/26003959/2019-franchise-tag-candidates-predictions-all-32-nfl-teams
1,Dan Graziano,story-link,25988932,nfl,tampa-bay-buccaneers,6d,http://www.espn.com/nfl/story/_/id/25988932/welcome-nfl-ever-rare-quarterback-buyers-market-2019
2,Bill Barnwell,story-link,25966875,nfl,tampa-bay-buccaneers,6d,http://www.espn.com/nfl/story/_/id/25966875/five-2019-offseason-moves-nfc-team-make-bill-barnwell-predicts-trades-free-agency-cuts
3,Vaughn McClure,story-link,atlanta-falcons-33985,nfl,tampa-bay-buccaneers,8d,http://espn.com/blog/atlanta-falcons/post/_/id/33985/kicker-matt-bryant-43-feels-great-says-tampa-is-an-option
4,Jenna Laine,story-link,tampa-bay-buccaneers-22222,nfl,tampa-bay-buccaneers,8d,http://espn.com/blog/tampa-bay-buccaneers/post/_/id/22222/bruce-arians-playcalling-and-how-it-benefits-jameis-winston-the-bucs
5,Jenna Laine,story-link,25979970,nfl,tampa-bay-buccaneers,8d,http://www.espn.com/nfl/story/_/id/25979970/buccaneers-release-defensive-end-vinny-curry-just-one-season
6,Jenna Laine,story-link,tampa-bay-buccaneers-22209,nfl,tampa-bay-buccaneers,12d,http://espn.com/blog/tampa-bay-buccaneers/post/_/id/22209/matt-bryant-tyrann-mathieu-among-bucs-top-free-agent-prospects
7,Jeremy Willis,story-link,25932328,nfl,tampa-bay-buccaneers,14d,http://www.espn.com/nfl/story/_/id/25932328/nfl-2018-quiz-how-well-do-remember-season
8,Jenna Laine,story-link,tampa-bay-buccaneers-22186,nfl,tampa-bay-buccaneers,14d,http://espn.com/blog/tampa-bay-buccaneers/post/_/id/22186/get-to-know-bruce-arians-the-bucs-coach-who-is-66-and-sexy
9,Jenna Laine,story-link,tampa-bay-buccaneers-22170,nfl,tampa-bay-buccaneers,19d,http://espn.com/blog/tampa-bay-buccaneers/post/_/id/22170/bucs-could-take-pages-from-wade-phillips-book-in-switch-to-3-4-defense
10,Jenna Laine,story-link,25886790,nfl,tampa-bay-buccaneers,20d,http://www.espn.com/nfl/story/_/id/25886790/desean-jackson-play-rams
11,Jenna Laine,story-link,tampa-bay-buccaneers-22141,nfl,tampa-bay-buccaneers,21d,http://espn.com/blog/tampa-bay-buccaneers/post/_/id/22141/bruce-arians-bucs-staff-has-arizona-cardinals-temple-influences
12,Bill Barnwell,story-link,25834281,nfl,tampa-bay-buccaneers,23d,http://www.espn.com/nfl/story/_/id/25834281/predicting-2019-vegas-win-totals-unders-all-32-nfl-teams
13,Jeff Legwold,story-link,nflnation-293067,nfl,tampa-bay-buccaneers,24d,http://espn.com/blog/nflnation/post/_/id/293067/why-a-500-point-season-doesnt-mean-much-at-the-super-bowl
14,Jenna Laine,story-link,tampa-bay-buccaneers-22131,nfl,tampa-bay-buccaneers,26d,http://espn.com/blog/tampa-bay-buccaneers/post/_/id/22131/bucs-casual-guy-mike-evans-embracing-bigger-leadership-role
0,ESPN.com,story-link,25998951,nfl,denver-broncos,1d,http://www.espn.com/nfl/story/_/id/25998951/how-nfl-worst-quarterbacks-improve-2019
1,Bill Barnwell,story-link,26020410,nfl,denver-broncos,17h,http://www.espn.com/nfl/story/_/id/26020410/five-2019-offseason-moves-afc-west-team-make-bill-barnwell-predicts-trades-free-agency-cuts
2,Jeff Legwold,story-link,denver-broncos-32932,nfl,denver-broncos,1d,http://espn.com/blog/denver-broncos/post/_/id/32932/john-elways-most-important-offseason-since-his-first-as-broncos-gm
3,Jeff Legwold,story-link,26003377,nfl,denver-broncos,5d,http://www.espn.com/nfl/story/_/id/26003377/denver-broncos-likely-not-exercise-option-lb-brandon-marshall
4,Jeff Legwold,story-link,denver-broncos-32974,nfl,denver-broncos,5d,http://espn.com/blog/denver-broncos/post/_/id/32974/broncos-biggest-need-now-is-finding-chris-harris-jr-a-partner
5,Jeff Legwold,story-link,denver-broncos-32958,nfl,denver-broncos,7d,http://espn.com/blog/denver-broncos/post/_/id/32958/joe-flaccos-arrival-is-still-not-the-long-term-solution-broncos-need-at-qb
6,Bill Barnwell,story-link,25988157,nfl,denver-broncos,7d,http://www.espn.com/nfl/story/_/id/25988157/grading-joe-flacco-trade-ravens-broncos-how-did-denver-get-here
7,Adam Schefter,story-link,25988060,nfl,denver-broncos,7d,http://www.espn.com/nfl/story/_/id/25988060/baltimore-ravens-trade-joe-flacco-denver-broncos
8,Jeff Legwold,story-link,denver-broncos-32919,nfl,denver-broncos,9d,http://espn.com/blog/denver-broncos/post/_/id/32919/broncos-have-plenty-of-needs-to-fill-in-free-agency
9,Jeff Legwold,story-link,denver-broncos-32903,nfl,denver-broncos,12d,http://espn.com/blog/denver-broncos/post/_/id/32903/broncos-out-of-the-box-hiring-of-vic-fangio-validated-by-super-bowl
10,Jeff Legwold,story-link,denver-broncos-32886,nfl,denver-broncos,15d,http://espn.com/blog/denver-broncos/post/_/id/32886/hall-of-fame-owner-pat-bowlen-led-broncos-with-humility
11,Jeff Legwold,story-link,25908742,nfl,denver-broncos,17d,http://www.espn.com/nfl/story/_/id/25908742/pro-football-hall-fame-8-person-class-includes-ed-reed-ty-law-champ-bailey-tony-gonzalez
12,Jeff Legwold,story-link,nflnation-293392,nfl,denver-broncos,18d,http://espn.com/blog/nflnation/post/_/id/293392/pro-football-hall-of-fame-meet-the-newest-members
13,ESPN.com,story-link,25851745,nfl,denver-broncos,19d,http://www.espn.com/nfl/story/_/id/25851745/who-vote-pro-football-hall-fame-48-nfl-analysts-pick-their-class-2019
14,Jeff Legwold,story-link,denver-broncos-32874,nfl,denver-broncos,21d,http://espn.com/blog/denver-broncos/post/_/id/32874/phillip-lindsay-hopes-to-be-ready-for-bigger-2019-season
15,Jeff Legwold,story-link,25881467,nfl,denver-broncos,21d,http://www.espn.com/nfl/story/_/id/25881467/broncos-hire-tc-mccartney-quarterbacks-coach
16,Bill Barnwell,story-link,25834281,nfl,denver-broncos,23d,http://www.espn.com/nfl/story/_/id/25834281/predicting-2019-vegas-win-totals-unders-all-32-nfl-teams
17,Jeff Legwold,story-link,denver-broncos-32869,nfl,denver-broncos,23d,http://espn.com/blog/denver-broncos/post/_/id/32869/new-broncos-offensive-coordinator-aims-to-go-back-to-old-reliable-scheme
0,Bill Barnwell,story-link,26020410,nfl,kansas-city-chiefs,17h,http://www.espn.com/nfl/story/_/id/26020410/five-2019-offseason-moves-afc-west-team-make-bill-barnwell-predicts-trades-free-agency-cuts
1,ESPN.com,story-link,kansas-city-chiefs-26176,nfl,kansas-city-chiefs,2d,http://espn.com/blog/kansas-city-chiefs/post/_/id/26176/watch-this-no-look-alliance-of-america-football-pass-even-impressed-patrick-mahomes
2,ESPN.com,story-link,26003959,nfl,kansas-city-chiefs,2d,http://www.espn.com/nfl/story/_/id/26003959/2019-franchise-tag-candidates-predictions-all-32-nfl-teams
3,Jeremy Willis,story-link,25995553,nfl,kansas-city-chiefs,6d,http://www.espn.com/nfl/story/_/id/25995553/nfl-teams-send-their-valentines
4,Adam Teicher,story-link,25980515,nfl,kansas-city-chiefs,8d,http://www.espn.com/nfl/story/_/id/25980515/dc-matt-house-leave-kentucky-join-chiefs-staff
5,Adam Teicher,story-link,25945133,nfl,kansas-city-chiefs,13d,http://www.espn.com/nfl/story/_/id/25945133/chiefs-gm-no-more-basketball-patrick-mahomes
6,Jeremy Willis,story-link,25932328,nfl,kansas-city-chiefs,14d,http://www.espn.com/nfl/story/_/id/25932328/nfl-2018-quiz-how-well-do-remember-season
7,Adam Teicher,story-link,kansas-city-chiefs-26151,nfl,kansas-city-chiefs,15d,http://espn.com/blog/kansas-city-chiefs/post/_/id/26151/mvp-mentality-no-moment-too-big-for-patrick-mahomes
8,Ben Fawkes,story-link,25916952,nfl,kansas-city-chiefs,16d,http://www.espn.com/chalk/story/_/id/25916952/kansas-city-chiefs-early-favorites-win-super-bowl-liv-next-season
9,Adam Schefter,story-link,25909987,nfl,kansas-city-chiefs,17d,http://www.espn.com/nfl/story/_/id/25909987/fan-flashed-laser-tom-brady-banned-arrowhead-stadium-face-charges
10,Adam Schefter,story-link,25913825,nfl,kansas-city-chiefs,17d,http://www.espn.com/nfl/story/_/id/25913825/rematches-rams-saints-patriots-chiefs-contenders-2019-season-opener
0,Bill Barnwell,story-link,26020410,nfl,los-angeles-chargers,18h,http://www.espn.com/nfl/story/_/id/26020410/five-2019-offseason-moves-afc-west-team-make-bill-barnwell-predicts-trades-free-agency-cuts
1,Eric Williams,story-link,26010898,nfl,los-angeles-chargers,4d,http://www.espn.com/nfl/story/_/id/26010898/jaylen-watkins-los-angeles-chargers-agree-1-year-deal
2,Jeremy Willis,story-link,25995553,nfl,los-angeles-chargers,6d,http://www.espn.com/nfl/story/_/id/25995553/nfl-teams-send-their-valentines
3,Eric Williams,story-link,25991408,nfl,los-angeles-chargers,6d,http://www.espn.com/nfl/story/_/id/25991408/corey-liuget-option-picked-los-angeles-chargers
4,Eric Williams,story-link,25989477,nfl,los-angeles-chargers,6d,http://www.espn.com/nfl/story/_/id/25989477/los-angeles-chargers-gm-sees-potential-aaf-developmental-league-nfl
5,Eric Williams,story-link,los-angeles-chargers-25982,nfl,los-angeles-chargers,14d,http://espn.com/blog/los-angeles-chargers/post/_/id/25982/chargers-back-to-hating-super-bowl-champion-patriots-this-offseason
6,Eric Williams,story-link,los-angeles-chargers-26008,nfl,los-angeles-chargers,8d,http://espn.com/blog/los-angeles-chargers/post/_/id/26008/chargers-offensive-lineman-forrest-lamp-ready-for-his-shot
7,Jeremy Willis,story-link,25932328,nfl,los-angeles-chargers,14d,http://www.espn.com/nfl/story/_/id/25932328/nfl-2018-quiz-how-well-do-remember-season
8,Ben Fawkes,story-link,25916952,nfl,los-angeles-chargers,16d,http://www.espn.com/chalk/story/_/id/25916952/kansas-city-chiefs-early-favorites-win-super-bowl-liv-next-season
9,Eric Williams,story-link,los-angeles-chargers-25969,nfl,los-angeles-chargers,21d,http://espn.com/blog/los-angeles-chargers/post/_/id/25969/chargers-free-agent-tyrell-williams-says-hes-a-no-1-receiver
10,Eric Williams,story-link,los-angeles-chargers-25956,nfl,los-angeles-chargers,22d,http://espn.com/blog/los-angeles-chargers/post/_/id/25956/melvin-gordon-on-rams-in-the-super-bowl-i-need-those-boys-to-lose
11,Bill Barnwell,story-link,25834281,nfl,los-angeles-chargers,23d,http://www.espn.com/nfl/story/_/id/25834281/predicting-2019-vegas-win-totals-unders-all-32-nfl-teams
12,Eric Williams,story-link,los-angeles-chargers-25926,nfl,los-angeles-chargers,29d,http://espn.com/blog/los-angeles-chargers/post/_/id/25926/next-up-for-chargers-tight-end-hunter-henry-a-little-rest-and-more-rehab
13,Eric Williams,story-link,25788654,nfl,los-angeles-chargers,33d,http://www.espn.com/nfl/story/_/id/25788654/los-angeles-chargers-talk-new-contract-philip-rivers
14,Alden Gonzalez,story-link,los-angeles-chargers-25664,nfl,los-angeles-chargers,48d,http://espn.com/blog/los-angeles-chargers/post/_/id/25664/is-this-philip-rivers-last-best-chance-at-an-elusive-super-bowl-title
15,ESPN.com,story-link,25752270,nfl,los-angeles-chargers,35d,http://www.espn.com/nfl/story/_/id/25752270/biggest-looming-2019-free-agent-decisions-all-32-nfl-teams
16,Mike Sando,story-link,25760521,nfl,los-angeles-chargers,36d,http://insider.espn.com/nfl/insider/story/_/id/25760521/re-grading-every-nfl-team-2018-offseason-moves
17,Eric Williams,story-link,los-angeles-chargers-25908,nfl,los-angeles-chargers,37d,http://espn.com/blog/los-angeles-chargers/post/_/id/25908/with-philip-rivers-super-bowl-window-closing-chargers-must-improve
0,ESPN.com,story-link,25998951,nfl,oakland-raiders,1d,http://www.espn.com/nfl/story/_/id/25998951/how-nfl-worst-quarterbacks-improve-2019
1,Bill Barnwell,story-link,26020410,nfl,oakland-raiders,17h,http://www.espn.com/nfl/story/_/id/26020410/five-2019-offseason-moves-afc-west-team-make-bill-barnwell-predicts-trades-free-agency-cuts
2,Michael Rothstein,story-link,25976163,nfl,oakland-raiders,8d,http://www.espn.com/nfl/story/_/id/25976163/lions-attempt-deflect-hard-knocks-season-raiders
3,Paul Gutierrez,story-link,oakland-raiders-22757,nfl,oakland-raiders,9d,http://espn.com/blog/oakland-raiders/post/_/id/22757/where-will-the-raiders-play-in-2019-oakland-san-francisco-santa-clara-parts-unknown
4,Bill Barnwell,story-link,25901330,nfl,oakland-raiders,9d,http://www.espn.com/espn/feature/story/_/id/25901330/predicting-2019-nfl-offseason-dominoes-free-agents-trades-cause-ripples
5,Jeff Legwold,story-link,nflnation-293392,nfl,oakland-raiders,18d,http://espn.com/blog/nflnation/post/_/id/293392/pro-football-hall-of-fame-meet-the-newest-members
6,Paul Gutierrez,story-link,oakland-raiders-22734,nfl,oakland-raiders,20d,http://espn.com/blog/oakland-raiders/post/_/id/22734/is-there-a-roadmap-for-tom-flores-to-finally-get-to-canton
7,Paul Gutierrez,story-link,oakland-raiders-22712,nfl,oakland-raiders,22d,http://espn.com/blog/oakland-raiders/post/_/id/22712/raiders-could-focus-on-several-players-from-the-senior-bowl
8,Bill Barnwell,story-link,25834281,nfl,oakland-raiders,23d,http://www.espn.com/nfl/story/_/id/25834281/predicting-2019-vegas-win-totals-unders-all-32-nfl-teams
9,Paul Gutierrez,story-link,oakland-raiders-22693,nfl,oakland-raiders,25d,http://espn.com/blog/oakland-raiders/post/_/id/22693/welcome-to-jon-grudens-qb-camp-senior-bowl-style
0,ESPN.com,story-link,25998951,nfl,arizona-cardinals,1d,http://www.espn.com/nfl/story/_/id/25998951/how-nfl-worst-quarterbacks-improve-2019
1,Bill Barnwell,story-link,25966875,nfl,arizona-cardinals,6d,http://www.espn.com/nfl/story/_/id/25966875/five-2019-offseason-moves-nfc-team-make-bill-barnwell-predicts-trades-free-agency-cuts
2,Josh Weinfuss,story-link,arizona-cardinals-31408,nfl,arizona-cardinals,7d,http://espn.com/blog/arizona-cardinals/post/_/id/31408/nfl-draft-three-scenarios-for-cardinals-to-trade-out-of-first-pick
3,Josh Weinfuss,story-link,25982277,nfl,arizona-cardinals,7d,http://www.espn.com/nfl/story/_/id/25982277/kliff-kingsbury-clarifies-kyler-murray-praise-says-josh-rosen-our-guy
4,ESPN NFL Experts,story-link,25973524,nfl,arizona-cardinals,8d,http://insider.espn.com/nfl/insider/story/_/id/25973524/nfl-experts-predict-kyler-murray-perfect-fit-2019-nfl-draft
5,Nick Wagoner,story-link,25937385,nfl,arizona-cardinals,13d,http://insider.espn.com/nfl/insider/story/_/id/25937385/nfl-draft-2019-scouts-decide-arizona-cardinals-do-no-1-pick
6,Jeremy Willis,story-link,25932328,nfl,arizona-cardinals,14d,http://www.espn.com/nfl/story/_/id/25932328/nfl-2018-quiz-how-well-do-remember-season
7,Jeff Legwold,story-link,nflnation-293392,nfl,arizona-cardinals,18d,http://espn.com/blog/nflnation/post/_/id/293392/pro-football-hall-of-fame-meet-the-newest-members
8,Josh Weinfuss,story-link,25888207,nfl,arizona-cardinals,20d,http://www.espn.com/nfl/story/_/id/25888207/here-stay
0,ESPN.com,story-link,26003959,nfl,los-angeles-rams,2d,http://www.espn.com/nfl/story/_/id/26003959/2019-franchise-tag-candidates-predictions-all-32-nfl-teams
1,Lindsey Thiry,story-link,los-angeles-rams-39978,nfl,los-angeles-rams,2d,http://espn.com/blog/los-angeles-rams/post/_/id/39978/rams-have-plenty-of-decisions-to-make-this-offseason-on-defense
2,Bill Barnwell,story-link,25966875,nfl,los-angeles-rams,6d,http://www.espn.com/nfl/story/_/id/25966875/five-2019-offseason-moves-nfc-team-make-bill-barnwell-predicts-trades-free-agency-cuts
3,Mike Sando,story-link,25968738,nfl,los-angeles-rams,8d,http://insider.espn.com/nfl/insider/story/_/id/25968738/how-patriots-rams-look-very-different-2019
4,Jeremy Willis,story-link,25932328,nfl,los-angeles-rams,14d,http://www.espn.com/nfl/story/_/id/25932328/nfl-2018-quiz-how-well-do-remember-season
5,Lindsey Thiry,story-link,25933124,nfl,los-angeles-rams,14d,http://www.espn.com/nfl/story/_/id/25933124/todd-gurley-limited-opportunities-los-angeles-rams-super-bowl-loss-sean-mcvay-says
6,Lindsey Thiry,story-link,los-angeles-rams-39971,nfl,los-angeles-rams,15d,http://espn.com/blog/los-angeles-rams/post/_/id/39971/after-disappointing-super-bowl-rams-qb-jared-goff-has-to-prove-he-can-bounce-back-again
7,David Purdum,story-link,25926820,nfl,los-angeles-rams,15d,http://www.espn.com/chalk/story/_/id/25926820/new-jersey-sportsbooks-lost-45-million-super-bowl-bets
8,Kevin Seifert,story-link,25926181,nfl,los-angeles-rams,15d,http://www.espn.com/nfl/story/_/id/25926181/super-bowl-liii-viewership-lowest-2007-season
9,Katherine Terrell,story-link,25924806,nfl,los-angeles-rams,15d,http://www.espn.com/nfl/story/_/id/25924806/bengals-name-zac-taylor-10th-head-coach-franchise-history
10,Lindsey Thiry,story-link,los-angeles-rams-39641,nfl,los-angeles-rams,16d,http://espn.com/blog/los-angeles-rams/post/_/id/39641/rams-fall-short-of-super-bowl-title-but-likely-contenders-for-years-to-come
11,Bill Barnwell,story-link,25921740,nfl,los-angeles-rams,16d,http://www.espn.com/nfl/story/_/id/25921740/super-bowl-liii-was-greatest-defensive-performance-history-here-how-patriots-did-rams
12,Ian O'Connor,story-link,25916069,nfl,los-angeles-rams,17d,http://www.espn.com/nfl/story/_/id/25916069/super-bowl-liii-appreciate-new-england-patriots-dynasty-greatest-sports-2018-nfl-playoffs
13,Lindsey Thiry,story-link,25921886,nfl,los-angeles-rams,16d,http://www.espn.com/nfl/story/_/id/25921886/felt-good
0,ESPN.com,story-link,26003959,nfl,san-francisco-49ers,2d,http://www.espn.com/nfl/story/_/id/26003959/2019-franchise-tag-candidates-predictions-all-32-nfl-teams
1,Nick Wagoner,story-link,san-francisco-49ers-33539,nfl,san-francisco-49ers,2d,http://espn.com/blog/san-francisco-49ers/post/_/id/33539/kyler-murrays-decision-could-mean-big-things-for-49ers-draft
2,Nick Wagoner,story-link,san-francisco-49ers-33498,nfl,san-francisco-49ers,5d,http://espn.com/blog/san-francisco-49ers/post/_/id/33498/49ers-trying-to-find-best-use-for-solomon-thomas-arik-armstead
3,Bill Barnwell,story-link,25966875,nfl,san-francisco-49ers,6d,http://www.espn.com/nfl/story/_/id/25966875/five-2019-offseason-moves-nfc-team-make-bill-barnwell-predicts-trades-free-agency-cuts
4,Nick Wagoner,story-link,san-francisco-49ers-33483,nfl,san-francisco-49ers,7d,http://espn.com/blog/san-francisco-49ers/post/_/id/33483/49ers-have-much-to-consider-in-potential-pursuit-of-antonio-brown
5,Bill Barnwell,story-link,25901330,nfl,san-francisco-49ers,9d,http://www.espn.com/espn/feature/story/_/id/25901330/predicting-2019-nfl-offseason-dominoes-free-agents-trades-cause-ripples
6,Jeremy Willis,story-link,25932328,nfl,san-francisco-49ers,14d,http://www.espn.com/nfl/story/_/id/25932328/nfl-2018-quiz-how-well-do-remember-season
7,Nick Wagoner,story-link,san-francisco-49ers-33465,nfl,san-francisco-49ers,15d,http://espn.com/blog/san-francisco-49ers/post/_/id/33465/nfl-drafts-deep-class-of-pass-rushers-begins-to-take-shape
8,Dan Graziano,story-link,25886188,nfl,san-francisco-49ers,16d,http://www.espn.com/nfl/story/_/id/25886188/ten-bold-nfl-predictions-2019-season-landing-spot-leveon-foles
9,Nick Wagoner,story-link,san-francisco-49ers-33443,nfl,san-francisco-49ers,20d,http://espn.com/blog/san-francisco-49ers/post/_/id/33443/49ers-keep-key-assistants-in-midst-of-coaching-changes
10,Bill Barnwell,story-link,25834281,nfl,san-francisco-49ers,23d,http://www.espn.com/nfl/story/_/id/25834281/predicting-2019-vegas-win-totals-unders-all-32-nfl-teams
11,Jeff Legwold,story-link,nflnation-293067,nfl,san-francisco-49ers,24d,http://espn.com/blog/nflnation/post/_/id/293067/why-a-500-point-season-doesnt-mean-much-at-the-super-bowl
12,Nick Wagoner,story-link,25834367,nfl,san-francisco-49ers,27d,http://www.espn.com/nfl/story/_/id/25834367/san-francisco-49ers-exercise-earl-mitchell-option
0,ESPN.com,story-link,26003959,nfl,seattle-seahawks,2d,http://www.espn.com/nfl/story/_/id/26003959/2019-franchise-tag-candidates-predictions-all-32-nfl-teams
1,Bill Barnwell,story-link,25966875,nfl,seattle-seahawks,6d,http://www.espn.com/nfl/story/_/id/25966875/five-2019-offseason-moves-nfc-team-make-bill-barnwell-predicts-trades-free-agency-cuts
2,Brady Henderson,story-link,seattle-seahawks-32472,nfl,seattle-seahawks,8d,http://espn.com/blog/seattle-seahawks/post/_/id/32472/seahawks-may-need-shaquem-griffin-to-replace-k-j-wright
3,Brady Henderson,story-link,seattle-seahawks-32448,nfl,seattle-seahawks,15d,http://espn.com/blog/seattle-seahawks/post/_/id/32448/whats-next-for-seahawks-rashaad-penny-after-muted-rookie-season
4,Bill Barnwell,story-link,25901330,nfl,seattle-seahawks,9d,http://www.espn.com/espn/feature/story/_/id/25901330/predicting-2019-nfl-offseason-dominoes-free-agents-trades-cause-ripples
5,Jeremy Willis,story-link,25932328,nfl,seattle-seahawks,14d,http://www.espn.com/nfl/story/_/id/25932328/nfl-2018-quiz-how-well-do-remember-season
6,Adam Schefter,story-link,25913964,nfl,seattle-seahawks,17d,http://www.espn.com/nfl/story/_/id/25913964/russell-wilson-seahawks-talked-new-deal-qb
7,Jeff Legwold,story-link,25908742,nfl,seattle-seahawks,17d,http://www.espn.com/nfl/story/_/id/25908742/pro-football-hall-fame-8-person-class-includes-ed-reed-ty-law-champ-bailey-tony-gonzalez
8,Bill Barnwell,story-link,25834281,nfl,seattle-seahawks,23d,http://www.espn.com/nfl/story/_/id/25834281/predicting-2019-vegas-win-totals-unders-all-32-nfl-teams
9,Jeff Legwold,story-link,nflnation-293067,nfl,seattle-seahawks,24d,http://espn.com/blog/nflnation/post/_/id/293067/why-a-500-point-season-doesnt-mean-much-at-the-super-bowl
10,Brady Henderson,story-link,seattle-seahawks-32433,nfl,seattle-seahawks,28d,http://espn.com/blog/seattle-seahawks/post/_/id/32433/russell-wilsons-extension-will-be-steep-if-it-happens-at-all
